epoch,train_loss,valid_loss,error_rate,time
0,1.7523016929626465,1.2826850414276123,0.40124940872192383,02:11
0,1.4058774709701538,1.1733278036117554,0.36520904302597046,01:54
